[
    {
        "gangBlip": {
            "blipcoords": "{\"x\":106.85326385498047,\"y\":-1940.014404296875,\"z\":20.80371856689453}",
            "blipsprite": 310,
            "zone": true,
            "bliptaille": 1.0,
            "blipcouleur": 27,
            "bliplabel": "Quartier Ballas"
        },
        "gangPoints": {
            "pointboss": "{\"x\":106.85394287109375,\"y\":-1940.16259765625,\"z\":19.8037166595459}",
            "pointvestiaire": "{\"x\":103.91053009033203,\"y\":-1945.3193359375,\"z\":19.8037166595459}",
            "pointgarage": "{\"x\":82.2086410522461,\"y\":-1970.8887939453126,\"z\":19.85295486450195}",
            "pointcoffre": "{\"x\":108.85394287109375,\"y\":-1940.16259765625,\"z\":19.8037166595459}",
            "pointrangementveh": "{\"x\":86.12225341796875,\"y\":-1971.297607421875,\"z\":19.74745941162109}",
            "pointspawnveh": "{\"x\":88.59998321533203,\"y\":-1967.814208984375,\"z\":19.7474365234375}",
            "headingspawnveh": "319.61492919921877"
        },
        "gangCoffre": {
            "blackMoney": 7500,
            "weapons": [
                {
                    "label": "Pistolet",
                    "ammo": 500,
                    "name": "WEAPON_PISTOL",
                    "count": 0
                }
            ],
            "items": [
                {
                    "label": "Bread",
                    "name": "bread",
                    "count": 20
                }
            ]
        },
        "gangInfos": {
            "gangName": "ballas",
            "gangLabel": "Ballas"
        }
    }
]